"id","group_public_id","create_uid","write_uid","name","channel_type","default_display_mode","uuid","description","active","create_date","write_date","livechat_channel_id","livechat_operator_id","chatbot_current_step_id","country_id","anonymous_name","livechat_active","rating_last_value","sfu_channel_uuid","sfu_server_url","allow_public_upload","livechat_visitor_id","parent_channel_id","from_message_id","last_interest_dt"
1,1,1,10,"general","channel",NULL,"yJqCHgaQKq","General announcements for all employees.",True,"2022-11-09 10:04:35.499219","2025-07-08 05:24:12.713389",NULL,NULL,NULL,NULL,NULL,False,"0",NULL,NULL,NULL,NULL,NULL,NULL,"2025-02-17 08:11:00"
2,NULL,2,1,"OdooBot, Administrator","chat",NULL,"rMBxKCNs4I",NULL,True,"2022-11-09 10:05:10.565585","2023-01-09 06:53:08.847891",NULL,NULL,NULL,NULL,NULL,False,"0",NULL,NULL,NULL,NULL,NULL,NULL,NULL
3,NULL,14,1,"OdooBot, Sven Saric","chat",NULL,"n26uJFrivn",NULL,True,"2022-11-18 08:35:48.986674","2023-01-09 06:53:08.847891",NULL,NULL,NULL,NULL,NULL,False,"0",NULL,NULL,NULL,NULL,NULL,NULL,NULL
4,NULL,10,10,"OdooBot, Mark Shaw","chat",NULL,"ddCMr66twZ",NULL,True,"2022-11-20 03:39:39.030122","2025-06-02 13:09:35.91534",NULL,NULL,NULL,NULL,NULL,False,"0",NULL,NULL,NULL,NULL,NULL,NULL,"2025-06-02 13:09:35"
5,NULL,7,1,"OdooBot, Andrew Reseigh","chat",NULL,"kG8UUKhuHt",NULL,True,"2022-11-20 22:29:52.982564","2023-01-09 06:53:08.847891",NULL,NULL,NULL,NULL,NULL,False,"0",NULL,NULL,NULL,NULL,NULL,NULL,NULL
6,NULL,12,1,"OdooBot, Shiu Tsu","chat",NULL,"W7mZT6pz6U",NULL,True,"2022-11-20 23:54:17.265153","2023-01-09 06:53:08.847891",NULL,NULL,NULL,NULL,NULL,False,"0",NULL,NULL,NULL,NULL,NULL,NULL,NULL
7,NULL,6,1,"OdooBot, Khang Le","chat",NULL,"7jN9sgj6Hm",NULL,True,"2022-11-21 01:30:08.679093","2023-01-09 06:53:08.847891",NULL,NULL,NULL,NULL,NULL,False,"0",NULL,NULL,NULL,NULL,NULL,NULL,NULL
8,NULL,13,1,"OdooBot, Son Nguyen","chat",NULL,"iAheNn7kiZ",NULL,True,"2022-11-21 05:01:34.199577","2023-01-09 06:53:08.847891",NULL,NULL,NULL,NULL,NULL,False,"0",NULL,NULL,NULL,NULL,NULL,NULL,NULL
9,NULL,13,1,"Sven Saric, Son Nguyen","chat",NULL,"vDBEbI4NQP",NULL,True,"2022-11-21 06:10:46.066646","2023-01-09 06:53:08.847891",NULL,NULL,NULL,NULL,NULL,False,"0",NULL,NULL,NULL,NULL,NULL,NULL,NULL
10,NULL,9,1,"OdooBot, Harry Nguyen","chat",NULL,"tpqM4qnGsp",NULL,True,"2022-11-21 06:14:50.322302","2023-01-09 06:53:08.847891",NULL,NULL,NULL,NULL,NULL,False,"0",NULL,NULL,NULL,NULL,NULL,NULL,NULL
11,NULL,11,1,"OdooBot, Otis Nguyen","chat",NULL,"ADm7X7Cpvm",NULL,True,"2022-11-21 06:15:05.036428","2023-01-09 06:53:08.847891",NULL,NULL,NULL,NULL,NULL,False,"0",NULL,NULL,NULL,NULL,NULL,NULL,NULL
12,NULL,8,1,"OdooBot, Hang Hoang","chat",NULL,"DteEm9sUng",NULL,True,"2022-12-01 01:20:16.518778","2023-01-09 06:53:08.847891",NULL,NULL,NULL,NULL,NULL,False,"0",NULL,NULL,NULL,NULL,NULL,NULL,NULL
13,NULL,6,1,"Son Nguyen, Khang Le","chat",NULL,"zb9wpLVVYi",NULL,True,"2022-12-09 06:46:13.485657","2023-01-09 06:53:08.847891",NULL,NULL,NULL,NULL,NULL,False,"0",NULL,NULL,NULL,NULL,NULL,NULL,NULL
14,NULL,6,1,"Otis Nguyen, Khang Le","chat",NULL,"3BiKhwqvGn",NULL,True,"2022-12-09 06:46:34.742887","2023-01-09 06:53:08.847891",NULL,NULL,NULL,NULL,NULL,False,"0",NULL,NULL,NULL,NULL,NULL,NULL,NULL
15,NULL,2,1,"Otis Nguyen, Administrator","chat",NULL,"HrdfGFqUe8",NULL,True,"2022-12-21 05:30:30.770307","2023-01-09 06:53:08.847891",NULL,NULL,NULL,NULL,NULL,False,"0",NULL,NULL,NULL,NULL,NULL,NULL,NULL
16,NULL,13,13,"Son Nguyen","chat",NULL,"e9dngqHjVB",NULL,True,"2023-01-12 02:05:47.003737","2023-01-12 02:05:47.003737",NULL,NULL,NULL,NULL,NULL,False,"0",NULL,NULL,NULL,NULL,NULL,NULL,NULL
17,NULL,12,12,"Sven Saric, Shiu Tsu","chat",NULL,"5m8s2YJEp3",NULL,True,"2023-01-31 23:57:54.130777","2023-01-31 23:57:54.130777",NULL,NULL,NULL,NULL,NULL,False,"0",NULL,NULL,NULL,NULL,NULL,NULL,NULL
18,NULL,12,12,"Shiu Tsu","chat",NULL,"6Ih3ebYNyN",NULL,True,"2023-02-07 08:30:52.633739","2023-02-07 08:30:52.633739",NULL,NULL,NULL,NULL,NULL,False,"0",NULL,NULL,NULL,NULL,NULL,NULL,NULL
19,NULL,6,6,"Sven Saric, Khang Le","chat",NULL,"PwpQCTsVep",NULL,True,"2023-03-01 08:51:51.145443","2023-03-01 08:51:51.145443",NULL,NULL,NULL,NULL,NULL,False,"0",NULL,NULL,NULL,NULL,NULL,NULL,NULL
20,NULL,2,2,"ITMS Meeting with Joel Scott","group","video_full_screen","f2P3gNS2DV","10/03/2023 at (16:00:00 To 17:00:00) (Australia/Brisbane)",True,"2023-03-10 00:14:20.283175","2023-03-10 00:14:20.283175",NULL,NULL,NULL,NULL,NULL,False,"0",NULL,NULL,NULL,NULL,NULL,NULL,NULL
21,NULL,10,10,"ITMS Meeting with Mark Shaw","group","video_full_screen","8iF6V9NkWp","24/03/2023 at (13:00:00 To 14:00:00) (Asia/Bangkok)",True,"2023-03-10 00:23:32.151344","2023-03-10 00:23:32.151344",NULL,NULL,NULL,NULL,NULL,False,"0",NULL,NULL,NULL,NULL,NULL,NULL,NULL
22,NULL,10,10,"Mark Shaw","chat",NULL,"XVM5g2nkGP",NULL,True,"2023-04-05 08:44:00.235683","2025-07-08 12:23:53.929209",NULL,NULL,NULL,NULL,NULL,False,"0",NULL,NULL,NULL,NULL,NULL,NULL,"2025-07-08 12:23:53"
23,NULL,20,20,"OdooBot, Hiep Hoang","chat",NULL,"od9fVdfXh8",NULL,True,"2023-04-17 03:37:37.359064","2023-04-17 03:37:37.359064",NULL,NULL,NULL,NULL,NULL,False,"0",NULL,NULL,NULL,NULL,NULL,NULL,NULL
24,NULL,8,8,"Hang Hoang","chat",NULL,"zII4ZCEbE7",NULL,True,"2023-05-17 00:57:40.159663","2023-05-17 00:57:40.159663",NULL,NULL,NULL,NULL,NULL,False,"0",NULL,NULL,NULL,NULL,NULL,NULL,NULL
25,NULL,14,14,"","group","video_full_screen","yX2vYu2mwk",NULL,True,"2023-07-17 05:56:07.694969","2023-07-17 05:56:07.694969",NULL,NULL,NULL,NULL,NULL,False,"0",NULL,NULL,NULL,NULL,NULL,NULL,NULL
26,NULL,10,10,"test","group","video_full_screen","onkIjVz6dw","16/08/2023 at (05:00:00 To 06:30:00) (Asia/Bangkok)",True,"2023-08-14 09:11:14.853068","2023-08-14 09:11:14.853068",NULL,NULL,NULL,NULL,NULL,False,"0",NULL,NULL,NULL,NULL,NULL,NULL,NULL
27,NULL,14,14,"Neil Kendall, Sven Saric","chat",NULL,"tyTbgu69kK",NULL,True,"2023-08-30 07:46:05.518402","2023-08-30 07:46:05.518402",NULL,NULL,NULL,NULL,NULL,False,"0",NULL,NULL,NULL,NULL,NULL,NULL,NULL
28,NULL,10,10,"","group","video_full_screen","S3ooQBbeJe",NULL,True,"2023-09-18 02:41:18.996364","2025-05-28 11:23:11.927602",NULL,NULL,NULL,NULL,NULL,False,"0",NULL,NULL,NULL,NULL,NULL,NULL,"2025-05-28 11:23:11"
29,NULL,10,10,"","group","video_full_screen","syAkpvzxvr",NULL,True,"2023-09-18 06:20:16.62632","2023-09-18 06:20:16.62632",NULL,NULL,NULL,NULL,NULL,False,"0",NULL,NULL,NULL,NULL,NULL,NULL,NULL
30,NULL,13,13,"Hiep Hoang, Son Nguyen","chat",NULL,"hVz6Y8P49B",NULL,True,"2023-09-18 06:29:07.263916","2023-09-18 06:29:07.263916",NULL,NULL,NULL,NULL,NULL,False,"0",NULL,NULL,NULL,NULL,NULL,NULL,NULL
31,NULL,13,13,"","group","video_full_screen","RrmpmhP6nH",NULL,True,"2023-09-18 06:35:54.853207","2023-09-18 06:35:54.853207",NULL,NULL,NULL,NULL,NULL,False,"0",NULL,NULL,NULL,NULL,NULL,NULL,NULL
32,NULL,13,13,"","group","video_full_screen","NjLKekodbA",NULL,True,"2023-09-18 06:49:31.393805","2023-09-18 06:49:31.393805",NULL,NULL,NULL,NULL,NULL,False,"0",NULL,NULL,NULL,NULL,NULL,NULL,NULL
33,NULL,10,10,"Khang Le, Mark Shaw","chat",NULL,"d4LDHJMHz3",NULL,True,"2023-10-03 04:19:10.227175","2025-07-07 06:02:47.289553",NULL,NULL,NULL,NULL,NULL,False,"0",NULL,NULL,NULL,NULL,NULL,NULL,"2025-07-07 06:02:47"
34,NULL,22,22,"OdooBot, Dat Nguyen","chat",NULL,"gy7Edfp59U",NULL,True,"2023-10-17 02:35:20.288542","2023-10-17 02:35:20.288542",NULL,NULL,NULL,NULL,NULL,False,"0",NULL,NULL,NULL,NULL,NULL,NULL,NULL
35,NULL,10,14,"Sven Saric, Mark Shaw","chat",NULL,"tXtbDAAtJG",NULL,True,"2023-10-26 00:43:21.770894","2024-05-23 09:41:47.286028",NULL,NULL,NULL,NULL,NULL,False,"0",NULL,NULL,NULL,NULL,NULL,NULL,NULL
36,NULL,14,14,"Mellany Mollenhauer, Sven Saric","chat",NULL,"ie9CcGwuk4",NULL,True,"2023-12-08 04:57:39.86663","2023-12-08 04:57:39.86663",NULL,NULL,NULL,NULL,NULL,False,"0",NULL,NULL,NULL,NULL,NULL,NULL,NULL
37,NULL,12,12,"Kate Price, Shiu Tsu","chat",NULL,"8STCCVdYEJ",NULL,True,"2023-12-08 06:17:59.302092","2023-12-08 06:17:59.302092",NULL,NULL,NULL,NULL,NULL,False,"0",NULL,NULL,NULL,NULL,NULL,NULL,NULL
38,NULL,14,14,"Thao Le, Sven Saric","chat",NULL,"oqHH9NdhU9",NULL,True,"2023-12-10 23:49:52.535214","2023-12-10 23:49:52.535214",NULL,NULL,NULL,NULL,NULL,False,"0",NULL,NULL,NULL,NULL,NULL,NULL,NULL
39,NULL,25,25,"OdooBot, Thao Le","chat",NULL,"yZ6yBTzCWS",NULL,True,"2023-12-10 23:49:58.941731","2023-12-10 23:49:58.941731",NULL,NULL,NULL,NULL,NULL,False,"0",NULL,NULL,NULL,NULL,NULL,NULL,NULL
40,NULL,12,12,"Mellany Mollenhauer, Shiu Tsu","chat",NULL,"5KerwKgYUR",NULL,True,"2023-12-12 07:42:39.389683","2023-12-12 07:42:39.389683",NULL,NULL,NULL,NULL,NULL,False,"0",NULL,NULL,NULL,NULL,NULL,NULL,NULL
41,NULL,6,6,"Khang Le","chat",NULL,"uNW4BQ2mgJ",NULL,True,"2023-12-18 03:12:25.06772","2023-12-18 03:12:25.06772",NULL,NULL,NULL,NULL,NULL,False,"0",NULL,NULL,NULL,NULL,NULL,NULL,NULL
42,NULL,14,14,"Kate Price, Sven Saric","chat",NULL,"L7rfmIcDyH",NULL,True,"2023-12-19 00:27:59.728071","2023-12-19 00:27:59.728071",NULL,NULL,NULL,NULL,NULL,False,"0",NULL,NULL,NULL,NULL,NULL,NULL,NULL
43,NULL,14,14,"Kate Price, Sven Saric","chat",NULL,"SfPmCaBUEt",NULL,True,"2023-12-19 00:27:59.727372","2023-12-19 00:27:59.727372",NULL,NULL,NULL,NULL,NULL,False,"0",NULL,NULL,NULL,NULL,NULL,NULL,NULL
44,NULL,2,2,"Khang Le, Joel Scott","chat",NULL,"afSkyPXqWQ",NULL,True,"2024-01-09 06:20:00.17571","2024-01-09 06:20:00.17571",NULL,NULL,NULL,NULL,NULL,False,"0",NULL,NULL,NULL,NULL,NULL,NULL,NULL
45,4,1,1,"Administrators","channel",NULL,"aqp3mHskXt","General channel for administrators.",True,"2024-01-12 08:31:29.122047","2025-02-17 08:09:41.150522",NULL,NULL,NULL,NULL,NULL,NULL,"0",NULL,NULL,False,NULL,NULL,NULL,"2025-02-17 08:11:00"
46,NULL,26,26,"OdooBot, Si Nguyen","chat",NULL,"RhavkATKAd",NULL,True,"2024-01-31 04:47:37.381793","2024-01-31 04:47:37.381793",NULL,NULL,NULL,NULL,NULL,NULL,"0",NULL,NULL,False,NULL,NULL,NULL,NULL
47,NULL,2,26,"Si Nguyen, Joel Scott","chat",NULL,"UGtWPzfcFg",NULL,True,"2024-01-31 05:35:49.200406","2024-01-31 05:35:49.200406",NULL,NULL,NULL,NULL,NULL,NULL,"0",NULL,NULL,False,NULL,NULL,NULL,NULL
48,NULL,10,10,"Nhan Nguyen, Mark Shaw","chat",NULL,"KyAEvjgTK3",NULL,True,"2024-01-31 09:24:12.714355","2025-07-09 09:52:00.088708",NULL,NULL,NULL,NULL,NULL,NULL,"0",NULL,NULL,False,NULL,NULL,NULL,"2025-07-09 09:52:00"
49,NULL,10,10,"Nhan Nguyen, Mark Shaw","chat",NULL,"5H2duiEvnJ",NULL,True,"2024-01-31 09:24:12.718785","2025-07-09 09:51:56.721785",NULL,NULL,NULL,NULL,NULL,NULL,"0",NULL,NULL,False,NULL,NULL,NULL,"2025-07-09 09:51:56"
50,NULL,27,27,"OdooBot, Nhan Nguyen","chat",NULL,"7gmqQHw4cZ",NULL,True,"2024-01-31 09:24:15.271523","2024-01-31 09:24:15.271523",NULL,NULL,NULL,NULL,NULL,NULL,"0",NULL,NULL,False,NULL,NULL,NULL,NULL
51,NULL,27,27,"Duyen Tran, Nhan Nguyen","chat",NULL,"IswL6gBvI3",NULL,True,"2024-02-21 02:02:34.015842","2024-02-21 02:02:34.015842",NULL,NULL,NULL,NULL,NULL,NULL,"0",NULL,NULL,False,NULL,NULL,NULL,NULL
52,NULL,10,10,"Kai Nguyen, Mark Shaw","chat",NULL,"bDzDHrz2mY",NULL,True,"2024-03-22 04:24:45.745323","2025-07-08 12:41:05.590244",NULL,NULL,NULL,NULL,NULL,NULL,"0",NULL,NULL,False,NULL,NULL,NULL,"2025-07-08 12:41:05"
53,NULL,28,28,"OdooBot, Kai Nguyen","chat",NULL,"oWPVaXSMgN",NULL,True,"2024-03-22 04:24:48.427163","2025-06-14 15:14:55.63992",NULL,NULL,NULL,NULL,NULL,NULL,"0",NULL,NULL,False,NULL,NULL,NULL,"2025-06-14 15:14:55"
54,NULL,14,29,"Michael Saric, Sven Saric","chat",NULL,"Sg9g6QAheP",NULL,True,"2024-04-07 23:58:13.961346","2024-04-07 23:58:13.961346",NULL,NULL,NULL,NULL,NULL,NULL,"0",NULL,NULL,False,NULL,NULL,NULL,NULL
55,NULL,14,29,"Michael Saric, Sven Saric","chat",NULL,"rUFstkALJj",NULL,True,"2024-04-07 23:58:13.960863","2024-04-07 23:58:13.960863",NULL,NULL,NULL,NULL,NULL,NULL,"0",NULL,NULL,False,NULL,NULL,NULL,NULL
56,NULL,14,29,"Michael Saric, Sven Saric","chat",NULL,"c4MRZT4FoK",NULL,True,"2024-04-07 23:58:13.962399","2024-04-07 23:58:13.962399",NULL,NULL,NULL,NULL,NULL,NULL,"0",NULL,NULL,False,NULL,NULL,NULL,NULL
57,NULL,29,29,"OdooBot, Michael Saric","chat",NULL,"7V8JbzxcUz",NULL,True,"2024-04-07 23:58:15.402072","2024-04-07 23:58:15.402072",NULL,NULL,NULL,NULL,NULL,NULL,"0",NULL,NULL,False,NULL,NULL,NULL,NULL
58,NULL,30,30,"OdooBot, Pyn Ho","chat",NULL,"BP8PaxpwHN",NULL,True,"2024-04-09 23:39:14.658233","2024-04-09 23:39:14.658233",NULL,NULL,NULL,NULL,NULL,NULL,"0",NULL,NULL,False,NULL,NULL,NULL,NULL
59,NULL,14,30,"Pyn Ho, Sven Saric","chat",NULL,"QW5K8WVf4W",NULL,True,"2024-04-10 00:02:45.572202","2024-04-10 00:02:45.572202",NULL,NULL,NULL,NULL,NULL,NULL,"0",NULL,NULL,False,NULL,NULL,NULL,NULL
60,NULL,14,30,"Pyn Ho, Sven Saric","chat",NULL,"sAVP9RcSjz",NULL,True,"2024-04-10 00:02:45.573136","2024-04-10 00:02:45.573136",NULL,NULL,NULL,NULL,NULL,NULL,"0",NULL,NULL,False,NULL,NULL,NULL,NULL
61,NULL,14,31,"Shane Coombes, Sven Saric","chat",NULL,"N8XuIBvM7Y",NULL,True,"2024-04-11 02:31:52.379228","2024-04-11 02:31:52.379228",NULL,NULL,NULL,NULL,NULL,NULL,"0",NULL,NULL,False,NULL,NULL,NULL,NULL
62,NULL,14,31,"Shane Coombes, Sven Saric","chat",NULL,"2cRGeTvuX5",NULL,True,"2024-04-11 02:31:52.397591","2024-04-11 02:31:52.397591",NULL,NULL,NULL,NULL,NULL,NULL,"0",NULL,NULL,False,NULL,NULL,NULL,NULL
63,NULL,32,32,"OdooBot, test","chat",NULL,"8LqxRJjvpN",NULL,True,"2024-05-23 09:42:47.062534","2024-05-23 09:42:47.062534",NULL,NULL,NULL,NULL,NULL,NULL,"0",NULL,NULL,False,NULL,NULL,NULL,NULL
64,NULL,32,10,"Mark Shaw, test","chat",NULL,"X6LBLcoTRm",NULL,True,"2024-05-23 09:43:25.006058","2025-07-09 09:52:59.277027",NULL,NULL,NULL,NULL,NULL,NULL,"0",NULL,NULL,False,NULL,NULL,NULL,"2025-07-09 09:52:59"
65,NULL,10,10,"","group","video_full_screen","h7TiIjimCD",NULL,True,"2024-05-23 09:43:37.212377","2025-05-28 11:23:16.131858",NULL,NULL,NULL,NULL,NULL,NULL,"0",NULL,NULL,False,NULL,NULL,NULL,"2025-05-28 11:23:16"
66,NULL,10,10,"","group","video_full_screen","Ugt3thLeUn",NULL,True,"2024-05-23 09:43:58.596185","2025-05-28 11:23:31.514163",NULL,NULL,NULL,NULL,NULL,NULL,"0",NULL,NULL,False,NULL,NULL,NULL,"2025-05-28 11:23:31"
67,NULL,10,1,"","group","video_full_screen","7weeZsAzSV",NULL,True,"2024-05-23 09:44:30.138192","2025-02-18 06:00:10.562568",NULL,NULL,NULL,NULL,NULL,NULL,"0",NULL,NULL,False,NULL,NULL,NULL,NULL
70,NULL,6,9,"Harry Nguyen, Khang Le","chat",NULL,"aHxARfyz7I",NULL,True,"2024-07-05 00:45:44.052802","2024-07-05 00:45:44.052802",NULL,NULL,NULL,NULL,NULL,NULL,"0",NULL,NULL,False,NULL,NULL,NULL,NULL
71,NULL,10,10,"Khuong Le, Mark Shaw","chat",NULL,"p6fEJNdqWI",NULL,True,"2024-07-25 00:02:38.160497","2025-07-09 09:51:53.127151",NULL,NULL,NULL,NULL,NULL,NULL,"0",NULL,NULL,False,NULL,NULL,NULL,"2025-07-09 09:51:53"
72,NULL,NULL,NULL,"OdooBot, Khuong Le","chat",NULL,"6arUbIDUqG",NULL,True,"2024-07-25 00:02:40.666203","2024-07-25 00:02:40.666203",NULL,NULL,NULL,NULL,NULL,NULL,"0",NULL,NULL,False,NULL,NULL,NULL,NULL
73,NULL,10,10,"Son Ho, Mark Shaw","chat",NULL,"sBhYIeTe94",NULL,True,"2024-08-12 00:21:58.9142","2025-07-09 09:51:49.541128",NULL,NULL,NULL,NULL,NULL,NULL,"0",NULL,NULL,False,NULL,NULL,NULL,"2025-07-09 09:51:49"
74,NULL,35,35,"OdooBot, Son Ho","chat",NULL,"BvBIKDUcE2",NULL,True,"2024-08-12 00:22:01.3808","2024-08-12 00:22:01.3808",NULL,NULL,NULL,NULL,NULL,NULL,"0",NULL,NULL,False,NULL,NULL,NULL,NULL
75,NULL,10,10,"Josh Ta, Mark Shaw","chat",NULL,"pPJIBpCS9B",NULL,True,"2024-08-12 00:28:34.818185","2025-07-09 09:51:46.196996",NULL,NULL,NULL,NULL,NULL,NULL,"0",NULL,NULL,False,NULL,NULL,NULL,"2025-07-09 09:51:46"
76,NULL,34,34,"OdooBot, Josh Ta","chat",NULL,"pyRpsZPwA3",NULL,True,"2024-08-12 00:28:39.995794","2024-08-12 00:28:39.995794",NULL,NULL,NULL,NULL,NULL,NULL,"0",NULL,NULL,False,NULL,NULL,NULL,NULL
77,NULL,10,10,"csp@au.synnex-grp.com, Mark Shaw","chat",NULL,"j7Fpr6ZIru",NULL,True,"2024-08-19 02:59:56.830133","2025-07-09 09:51:42.022287",NULL,NULL,NULL,NULL,NULL,NULL,"0",NULL,NULL,False,NULL,NULL,NULL,"2025-07-09 09:51:42"
78,NULL,4,4,"Visitor #254424 Mark Shaw","livechat",NULL,"R5RkHjdYwt",NULL,True,"2024-08-22 02:25:41.309837","2024-08-22 02:58:32.258746",1,844,NULL,NULL,"Visitor #254424",False,"0",NULL,NULL,False,NULL,NULL,NULL,NULL
81,NULL,29,29,"","group","video_full_screen","ruaDwFTsek",NULL,True,"2024-09-02 22:39:38.888639","2024-09-02 22:39:53.312297",NULL,NULL,NULL,NULL,NULL,NULL,"0",NULL,NULL,False,NULL,NULL,NULL,NULL
83,NULL,36,36,"OdooBot, test","chat",NULL,"hcnuPqRfRc",NULL,True,"2024-10-01 23:55:36.397292","2024-10-01 23:55:36.397292",NULL,NULL,NULL,NULL,NULL,NULL,"0",NULL,NULL,False,NULL,NULL,NULL,NULL
84,NULL,14,37,"Mary Basseri, Sven Saric","chat",NULL,"qySAToM5TK",NULL,True,"2024-11-19 05:47:34.809983","2024-11-19 05:47:34.809983",NULL,NULL,NULL,NULL,NULL,NULL,"0",NULL,NULL,False,NULL,NULL,NULL,NULL
85,NULL,14,38,"Rob Irons, Sven Saric","chat",NULL,"kXKFsFKbhD",NULL,True,"2024-11-19 23:37:05.475456","2024-11-19 23:37:05.475456",NULL,NULL,NULL,NULL,NULL,NULL,"0",NULL,NULL,False,NULL,NULL,NULL,NULL
86,NULL,27,27,"Darryl, Nhan Nguyen","chat",NULL,"GhSYd6e5TV",NULL,True,"2024-12-10 00:51:50.812689","2024-12-10 00:51:50.812689",NULL,NULL,NULL,NULL,NULL,NULL,"0",NULL,NULL,False,NULL,NULL,NULL,NULL
87,NULL,14,41,"Stuart Armstrong, Sven Saric","chat",NULL,"w2DM576Zvh",NULL,True,"2025-01-06 02:34:16.582492","2025-01-06 02:34:16.582492",NULL,NULL,NULL,NULL,NULL,NULL,"0",NULL,NULL,False,NULL,NULL,NULL,NULL
88,NULL,14,41,"Stuart Armstrong, Sven Saric","chat",NULL,"DeF8En3QvB",NULL,True,"2025-01-06 02:34:16.586137","2025-01-06 02:34:16.586137",NULL,NULL,NULL,NULL,NULL,NULL,"0",NULL,NULL,False,NULL,NULL,NULL,NULL
89,NULL,14,40,"Julian Miller, Sven Saric","chat",NULL,"vk7KKXt9ST",NULL,True,"2025-01-08 00:17:27.772918","2025-01-08 00:17:27.772918",NULL,NULL,NULL,NULL,NULL,NULL,"0",NULL,NULL,False,NULL,NULL,NULL,NULL
90,NULL,14,40,"Julian Miller, Sven Saric","chat",NULL,"TdyR8URIYe",NULL,True,"2025-01-08 00:17:27.772896","2025-01-08 00:17:27.772896",NULL,NULL,NULL,NULL,NULL,NULL,"0",NULL,NULL,False,NULL,NULL,NULL,NULL
91,NULL,14,40,"Julian Miller, Sven Saric","chat",NULL,"GVRNEAEDtf",NULL,True,"2025-01-08 00:17:27.78074","2025-01-08 00:17:27.78074",NULL,NULL,NULL,NULL,NULL,NULL,"0",NULL,NULL,False,NULL,NULL,NULL,NULL
92,NULL,6,42,"Khang Test, Khang Le","chat",NULL,"DrdWDiCvNS",NULL,True,"2025-01-08 00:47:39.841151","2025-01-08 00:47:39.841151",NULL,NULL,NULL,NULL,NULL,NULL,"0",NULL,NULL,False,NULL,NULL,NULL,NULL
93,NULL,6,6,"test, Khang Le","chat",NULL,"kKydaAn3yy",NULL,True,"2025-02-23 09:38:15.629712","2025-02-23 09:38:15.629712",NULL,NULL,NULL,NULL,NULL,NULL,"0",NULL,NULL,False,NULL,NULL,NULL,NULL
94,NULL,14,29,"","group","video_full_screen","JUmZyJVojk",NULL,True,"2025-03-27 00:59:41.581489","2025-03-27 02:53:15.707895",NULL,NULL,NULL,NULL,NULL,NULL,"0",NULL,NULL,False,NULL,NULL,NULL,"2025-03-27 01:04:08"
95,NULL,27,27,"Minibody Engineering, Nhan Nguyen","chat",NULL,"f7guhCvzSX",NULL,True,"2025-04-16 00:39:18.985315","2025-04-16 00:39:18.985315",NULL,NULL,NULL,NULL,NULL,NULL,"0",NULL,NULL,False,NULL,NULL,NULL,NULL
96,NULL,10,10,"Minibody Engineering, Mark Shaw","chat",NULL,"GSXrYfCWeG",NULL,True,"2025-04-16 02:56:54.857439","2025-07-09 09:51:38.590141",NULL,NULL,NULL,NULL,NULL,NULL,"0",NULL,NULL,False,NULL,NULL,NULL,"2025-07-09 09:51:38"
97,NULL,27,27,"melony@happyhaus.com.au, Nhan Nguyen","chat",NULL,"uFPsGJEJvW",NULL,True,"2025-04-17 04:24:40.536748","2025-04-17 04:24:40.536748",NULL,NULL,NULL,NULL,NULL,NULL,"0",NULL,NULL,False,NULL,NULL,NULL,NULL
98,NULL,44,44,"Support, Lorna Van","chat",NULL,"Eish4skQAo",NULL,True,"2025-05-05 00:28:23.368741","2025-05-05 06:14:25.361196",NULL,NULL,NULL,NULL,NULL,NULL,"0",NULL,NULL,False,NULL,NULL,NULL,"2025-05-05 06:14:25"
99,NULL,30,30,"Pyn Ho","chat",NULL,"R9768fZjAe",NULL,True,"2025-05-07 03:27:51.660613","2025-05-07 03:27:51.660613",NULL,NULL,NULL,NULL,NULL,NULL,"0",NULL,NULL,False,NULL,NULL,NULL,NULL
100,NULL,27,27,"Tim Bamsey, Nhan Nguyen","chat",NULL,"x7Yz5XQtmc",NULL,True,"2025-05-23 00:44:56.291163","2025-05-23 00:44:56.291163",NULL,NULL,NULL,NULL,NULL,NULL,"0",NULL,NULL,False,NULL,NULL,NULL,NULL
101,1,10,10,"123ABC","channel",NULL,"FfB8oz83fb",NULL,True,"2025-05-28 08:54:17.98686","2025-07-08 14:44:28.669532",NULL,NULL,NULL,NULL,NULL,NULL,"0",NULL,NULL,False,NULL,NULL,NULL,"2025-07-08 14:44:28"
102,NULL,27,27,"David Ritale, Nhan Nguyen","chat",NULL,"NkY9aCEr4t",NULL,True,"2025-06-10 00:04:22.945638","2025-06-10 00:04:22.945638",NULL,NULL,NULL,NULL,NULL,NULL,"0",NULL,NULL,False,NULL,NULL,NULL,NULL
103,NULL,49,49,"Support, test@itmsgroup.com.au","chat",NULL,"YrxGFtcdY3",NULL,True,"2025-07-07 13:31:30.233184","2025-07-07 13:31:30.233184",NULL,NULL,NULL,NULL,NULL,NULL,"0",NULL,NULL,False,NULL,NULL,NULL,"2025-07-07 13:31:30"
104,NULL,49,10,"","group","video_full_screen","8EfrzHDqiP",NULL,True,"2025-07-07 13:31:37.330376","2025-07-07 14:59:21.893393",NULL,NULL,NULL,NULL,NULL,NULL,"0",NULL,NULL,False,NULL,NULL,NULL,"2025-07-07 14:59:21"
105,NULL,49,49,"Mark Shaw, test@itmsgroup.com.au","chat",NULL,"Be4ALJ4eRL",NULL,True,"2025-07-07 13:32:22.026785","2025-07-09 08:52:25.88553",NULL,NULL,NULL,NULL,NULL,NULL,"0",NULL,NULL,False,NULL,NULL,NULL,"2025-07-09 08:52:25"
106,NULL,49,10,"","group","video_full_screen","ht5brUU7m3",NULL,True,"2025-07-07 13:47:03.30945","2025-07-08 10:15:36.778351",NULL,NULL,NULL,NULL,NULL,NULL,"0",NULL,NULL,False,NULL,NULL,NULL,"2025-07-08 10:15:36"
